name;title;tags
someName;someTitle;tag,tas,ttt,sar,trg,hy
someName;someTitle;sometags,manyTags,tags
someName;someTitle;sometags,manyTags,tags
someName;someTitle;sometags,manyTags,tags
someName;someTitle;sometags,manyTags,tags
someName;someTitle;sometags,manyTags,tags
someName;someTitle;sometags,manyTags,tags
someName;someTitle;sometags,manyTags,tags
someName;someTitle;sometags,manyTags,tags
someName;someTitle;sometags,manyTags,tags
someName;someTitle;sometags,manyTags,tags
;;sometags,manyTags,tags
someName;someTitle;sometags,manyTags,tags
someName;someTitle;sometags,manyTags,tags
someName;someTitle;sometags,manyTags,tags
someName;someTitle;sometags,manyTags,tags
someName;someTitle;sometags,manyTags,tags
someName;someTitle;sometags,manyTags,tags
ArticleWithJavaTag;someTitle;java,manyTags,tags
someName;someTitle;sometags,manyTags,tags
someName;someTitle;sometags,manyTags,tags
someName;someTitle;sometags,manyTags,tags
someName;someTitle;sometags,manyTags,tags
someName;someTitle;sometags,manyTags,tags
someName;someTitle;sometags,manyTags,tags
someName;someTitle;sometags,manyTags,tags
someName;someTitle;sometags,manyTags,tags
someName;someTitle;sometags,manyTags,tags
someName;someTitle;sometags,manyTags,tags
someName;someTitle;sometags,manyTags,tags
someName;someTitle;sometags,manyTags,tags
someName;someTitle;sometags,manyTags,tags
someName;someTitle;sometags,manyTags,tags
someName;someTitle;sometags,manyTags,tags,jova,jvaa,java
someName;someTitle;sometags,manyTags,tags
someName;someTitle;sometags,manyTags,tags
someName;someTitle;sometags,manyTags,tags
someName;someTitle;sometags,manyTags,tags
someName;someTitle;sometags,manyTags,tags